{"cameraMode":{"drawMode":0,"name":"Shaded","section":"Shading Mode"},"sceneLighting":false,"audioPlay":false,"sceneViewState":{"showFog":true,"showMaterialUpdate":false,"showSkybox":false,"showFlares":true,"showImageEffects":true,"showParticleSystems":true},"in2DMode":false,"pivot":{"x":-0.1109628677368164,"y":-3.976942777633667,"z":-0.035089969635009769},"rotation":{"x":0.057585209608078,"y":-0.00906030647456646,"z":0.0011111393105238677,"w":0.99847811460495},"size":18.395751953125,"orthographic":false}