{"cameraMode":{"drawMode":0,"name":"Shaded","section":"Shading Mode"},"sceneLighting":false,"audioPlay":false,"sceneViewState":{"showFog":true,"showMaterialUpdate":false,"showSkybox":false,"showFlares":true,"showImageEffects":true,"showParticleSystems":true},"in2DMode":false,"pivot":{"x":38.28685760498047,"y":-13.539495468139649,"z":99.63322448730469},"rotation":{"x":0.2736346125602722,"y":-0.6358401775360107,"z":0.25835055112838747,"w":0.6739228963851929},"size":56.97602844238281,"orthographic":false}