{"cameraMode":{"drawMode":0,"name":"Shaded","section":"Shading Mode"},"sceneLighting":false,"audioPlay":false,"sceneViewState":{"showFog":true,"showMaterialUpdate":false,"showSkybox":false,"showFlares":true,"showImageEffects":true,"showParticleSystems":true},"in2DMode":false,"pivot":{"x":0.11099705100059509,"y":-1.6321935653686524,"z":-2.699549674987793},"rotation":{"x":-0.24290882050991059,"y":0.020125320181250573,"z":0.005647530313581228,"w":0.9700085520744324},"size":1.844179630279541,"orthographic":false}