{"cameraMode":{"drawMode":0,"name":"Shaded","section":"Shading Mode"},"sceneLighting":false,"audioPlay":false,"sceneViewState":{"showFog":true,"showMaterialUpdate":false,"showSkybox":false,"showFlares":true,"showImageEffects":true,"showParticleSystems":true},"in2DMode":false,"pivot":{"x":0.977954626083374,"y":0.9815770387649536,"z":-2.5509681701660158},"rotation":{"x":0.08207064867019654,"y":-0.6256144642829895,"z":0.06808434426784516,"w":0.7730187177658081},"size":6.800495147705078,"orthographic":false}