{"cameraMode":{"drawMode":0,"name":"Shaded","section":"Shading Mode"},"sceneLighting":false,"audioPlay":false,"sceneViewState":{"showFog":true,"showMaterialUpdate":false,"showSkybox":false,"showFlares":true,"showImageEffects":true,"showParticleSystems":true},"in2DMode":false,"pivot":{"x":0.0,"y":0.712050199508667,"z":-0.021492421627044679},"rotation":{"x":0.01854473538696766,"y":-0.9771407842636108,"z":0.09954220801591873,"w":0.1876862496137619},"size":1.8711676597595215,"orthographic":false}