{"cameraMode":{"drawMode":0,"name":"Shaded","section":"Shading Mode"},"sceneLighting":false,"audioPlay":false,"sceneViewState":{"showFog":true,"showMaterialUpdate":false,"showSkybox":false,"showFlares":true,"showImageEffects":true,"showParticleSystems":true},"in2DMode":false,"pivot":{"x":-0.00007205930887721479,"y":-0.000014824965546722524,"z":0.00007716302934568375},"rotation":{"x":-0.10725899040699005,"y":-0.36834290623664858,"z":-0.04136271774768829,"w":0.9227254986763},"size":3.0000569820404054,"orthographic":false}