{"cameraMode":{"drawMode":0,"name":"Shaded","section":"Shading Mode"},"sceneLighting":false,"audioPlay":false,"sceneViewState":{"showFog":true,"showMaterialUpdate":false,"showSkybox":false,"showFlares":true,"showImageEffects":true,"showParticleSystems":true},"in2DMode":false,"pivot":{"x":3.623119354248047,"y":1.3256077766418458,"z":-2.9720234870910646},"rotation":{"x":0.01502820011228323,"y":-0.7664459347724915,"z":-0.01792151853442192,"w":-0.6418988108634949},"size":8.834796905517579,"orthographic":false}