{"cameraMode":{"drawMode":0,"name":"Shaded","section":"Shading Mode"},"sceneLighting":false,"audioPlay":false,"sceneViewState":{"showFog":true,"showMaterialUpdate":false,"showSkybox":false,"showFlares":true,"showImageEffects":true,"showParticleSystems":true},"in2DMode":false,"pivot":{"x":0.007464289665222168,"y":1.424100399017334,"z":46.04233169555664},"rotation":{"x":0.08343534916639328,"y":-0.7964131832122803,"z":0.11387253552675247,"w":0.5883505940437317},"size":11.127437591552735,"orthographic":false}