{"cameraMode":{"drawMode":0,"name":"Shaded","section":"Shading Mode"},"sceneLighting":false,"audioPlay":false,"sceneViewState":{"showFog":true,"showMaterialUpdate":false,"showSkybox":true,"showFlares":true,"showImageEffects":true,"showParticleSystems":true},"in2DMode":false,"pivot":{"x":72.30978393554688,"y":13.15162467956543,"z":91.43998718261719},"rotation":{"x":0.0016554183093830944,"y":-0.9949814677238464,"z":0.10064983367919922,"w":0.016117248684167863},"size":26.734046936035158,"orthographic":false}