{"cameraMode":{"drawMode":0,"name":"Shaded","section":"Shading Mode"},"sceneLighting":false,"audioPlay":false,"sceneViewState":{"showFog":true,"showMaterialUpdate":false,"showSkybox":false,"showFlares":true,"showImageEffects":true,"showParticleSystems":true},"in2DMode":false,"pivot":{"x":43.73792266845703,"y":1060.009521484375,"z":-63.13818359375},"rotation":{"x":-0.0020321286283433439,"y":0.980972945690155,"z":-0.19406883418560029,"w":-0.01081846747547388},"size":354.4478759765625,"orthographic":false}