{"cameraMode":{"drawMode":0,"name":"Shaded","section":"Shading Mode"},"sceneLighting":false,"audioPlay":false,"sceneViewState":{"showFog":true,"showMaterialUpdate":false,"showSkybox":false,"showFlares":true,"showImageEffects":true,"showParticleSystems":true},"in2DMode":false,"pivot":{"x":32.56999969482422,"y":10.930000305175782,"z":-53.25199890136719},"rotation":{"x":0.057585209608078,"y":-0.00906030647456646,"z":0.0011111393105238677,"w":0.99847811460495},"size":1.3613280057907105,"orthographic":false}