{"cameraMode":{"drawMode":0,"name":"Shaded","section":"Shading Mode"},"sceneLighting":false,"audioPlay":false,"sceneViewState":{"showFog":true,"showMaterialUpdate":false,"showSkybox":false,"showFlares":true,"showImageEffects":true,"showParticleSystems":true},"in2DMode":false,"pivot":{"x":-1.6810137033462525,"y":1.0681740045547486,"z":-1.5237016677856446},"rotation":{"x":0.023109035566449167,"y":0.9546075463294983,"z":0.07690697908401489,"w":-0.2868424355983734},"size":4.396269798278809,"orthographic":false}