{"cameraMode":{"drawMode":0,"name":"Shaded","section":"Shading Mode"},"sceneLighting":false,"audioPlay":false,"sceneViewState":{"showFog":true,"showMaterialUpdate":false,"showSkybox":false,"showFlares":true,"showImageEffects":true,"showParticleSystems":true},"in2DMode":false,"pivot":{"x":0.35956230759620669,"y":-0.1582598239183426,"z":0.2745931148529053},"rotation":{"x":0.050909098237752917,"y":-0.8631129860877991,"z":-0.09128225594758988,"w":-0.49439361691474917},"size":2.0524485111236574,"orthographic":false}