{"cameraMode":{"drawMode":0,"name":"Shaded","section":"Shading Mode"},"sceneLighting":false,"audioPlay":false,"sceneViewState":{"showFog":true,"showMaterialUpdate":false,"showSkybox":false,"showFlares":true,"showImageEffects":true,"showParticleSystems":true},"in2DMode":false,"pivot":{"x":1.2100000381469727,"y":12.899999618530274,"z":26.8700008392334},"rotation":{"x":-0.25113344192504885,"y":-0.19680064916610719,"z":0.05153188109397888,"w":-0.946516215801239},"size":6.062487602233887,"orthographic":false}