{"cameraMode":{"drawMode":0,"name":"Shaded","section":"Shading Mode"},"sceneLighting":false,"audioPlay":false,"sceneViewState":{"showFog":true,"showMaterialUpdate":false,"showSkybox":false,"showFlares":true,"showImageEffects":true,"showParticleSystems":true},"in2DMode":false,"pivot":{"x":0.31002044677734377,"y":1.8321672677993775,"z":0.8353233337402344},"rotation":{"x":0.01422227080911398,"y":-0.5777818560600281,"z":0.011608632281422615,"w":0.8161824941635132},"size":7.066679954528809,"orthographic":false}