{"cameraMode":{"drawMode":0,"name":"Shaded","section":"Shading Mode"},"sceneLighting":false,"audioPlay":false,"sceneViewState":{"showFog":true,"showMaterialUpdate":false,"showSkybox":false,"showFlares":true,"showImageEffects":true,"showParticleSystems":true},"in2DMode":false,"pivot":{"x":1.252927303314209,"y":2.29548716545105,"z":0.617188572883606},"rotation":{"x":0.4112929403781891,"y":-0.3957885503768921,"z":0.2054343819618225,"w":0.7952014207839966},"size":4.885684490203857,"orthographic":false}