{"cameraMode":{"drawMode":0,"name":"Shaded","section":"Shading Mode"},"sceneLighting":false,"audioPlay":false,"sceneViewState":{"showFog":true,"showMaterialUpdate":false,"showSkybox":false,"showFlares":true,"showImageEffects":true,"showParticleSystems":true},"in2DMode":false,"pivot":{"x":65.7090072631836,"y":54.189537048339847,"z":79.63798522949219},"rotation":{"x":-0.5143103003501892,"y":-0.016209496185183526,"z":0.009723229333758355,"w":-0.8573964834213257},"size":11.371301651000977,"orthographic":false}