{"cameraMode":{"drawMode":0,"name":"Shaded","section":"Shading Mode"},"sceneLighting":false,"audioPlay":false,"sceneViewState":{"showFog":true,"showMaterialUpdate":false,"showSkybox":true,"showFlares":true,"showImageEffects":true,"showParticleSystems":true},"in2DMode":false,"pivot":{"x":-6.901408672332764,"y":-15.208477020263672,"z":100.95401763916016},"rotation":{"x":-0.25229379534721377,"y":0.04347953572869301,"z":-0.011351414956152439,"w":-0.9666244983673096},"size":98.23465728759766,"orthographic":false}